dataset,setting,strategy,num_removed,removal_precision,contamination_recall,clean_retention,clean_tail_removal,remaining_contamination
MVTec AD,Pareto,global,67,68.66,62.16,97.15,33.93,3.76
MVTec AD,Pareto,dhp,67,89.55,81.08,99.05,0.00,1.88
MVTec AD,Step-K4,global,150,57.33,59.72,95.68,97.22,3.93
MVTec AD,Step-K4,dhp,150,68.67,71.53,96.82,0.00,2.78
MVTec AD,Step-K1,global,180,83.33,88.24,98.25,100.00,1.17
MVTec AD,Step-K1,dhp,180,79.44,84.12,97.84,0.00,1.58
VisA,Pareto,global,191,11.52,21.15,91.84,100.00,4.13
VisA,Pareto,dhp,191,32.98,60.58,93.82,0.00,2.07
VisA,Step-K4,global,383,42.04,79.70,94.57,100.00,1.05
VisA,Step-K4,dhp,383,44.65,84.65,94.81,14.29,0.79
VisA,Step-K1,global,393,41.98,81.68,94.39,100.00,0.95
VisA,Step-K1,dhp,393,43.51,84.65,94.54,14.29,0.80
Macro_or_total,All,global,1364,50.81,65.44,95.31,88.53,2.50
Macro_or_total,All,dhp,1364,59.80,77.77,96.15,4.76,1.65
